zipcode,walkable_false,walkable_true,health_level_dead,health_level_fair,health_level_good,health_level_poor,ada_access_no,ada_access_yes,ada_access_partial,type_is_active_cleanup_mild_threat,type_is_active_significant_threat,type_is_completed_clean,type_is_maintain_continued_threat,type_is_potential_threat,type_is_felony,type_is_violation,type_is_misdemeanor,danger_level_is_high,danger_level_is_low,lunch_eligibity_high_False,lunch_eligibity_high_True,type_is_Top 25th Percentile,type_is_50th Percentile,type_is_75th Percentile,type_is_Bottom 25th Percentile,lunch_eligibity_high_False,lunch_eligibity_high_True,type_is_Top 25th Percentile,type_is_50th Percentile,type_is_75th Percentile,type_is_Bottom 25th Percentile,lunch_eligibity_high_False,lunch_eligibity_high_True,type_is_Top 25th Percentile,type_is_50th Percentile,type_is_75th Percentile,type_is_Bottom 25th Percentile
83,0.0,0.0,3.0,39.0,885.0,8.0,0.0,0.0,0.0,0.0,0.0,0.0,0.0,0.0,0.0,0.0,0.0,0.0,0.0,0.0,0.0,0.0,0.0,0.0,0.0,0.0,0.0,0.0,0.0,0.0,0.0,0.0,0.0,0.0,0.0,0.0,0.0
10000,0.0,0.0,0.0,0.0,0.0,0.0,0.0,1.0,0.0,0.0,0.0,0.0,0.0,0.0,0.0,0.0,0.0,0.0,0.0,0.0,0.0,0.0,0.0,0.0,0.0,0.0,0.0,0.0,0.0,0.0,0.0,0.0,0.0,0.0,0.0,0.0,0.0
10001,0.0,18.0,61.0,100.0,719.0,31.0,4.0,3.0,0.0,3.0,0.0,7.0,0.0,1.0,308.0,166.0,469.0,77.0,866.0,1.0,0.0,1.0,0.0,0.0,0.0,0.0,0.0,0.0,0.0,0.0,0.0,0.0,0.0,0.0,0.0,0.0,0.0
10002,0.0,35.0,107.0,387.0,1656.0,115.0,6.0,1.0,0.0,1.0,0.0,0.0,0.0,0.0,614.0,265.0,1084.0,221.0,1742.0,7.0,7.0,6.0,2.0,4.0,2.0,4.0,5.0,1.0,3.0,2.0,3.0,2.0,11.0,3.0,1.0,3.0,6.0
10003,0.0,60.0,82.0,361.0,1480.0,102.0,8.0,3.0,0.0,0.0,0.0,0.0,0.0,0.0,624.0,159.0,947.0,239.0,1491.0,3.0,1.0,3.0,1.0,0.0,0.0,5.0,0.0,3.0,2.0,0.0,0.0,3.0,5.0,1.0,0.0,4.0,3.0
10004,0.0,4.0,1.0,17.0,97.0,3.0,2.0,1.0,0.0,1.0,0.0,2.0,0.0,0.0,0.0,0.0,0.0,0.0,0.0,0.0,0.0,0.0,0.0,0.0,0.0,2.0,0.0,0.0,1.0,1.0,0.0,2.0,3.0,1.0,0.0,2.0,2.0
10005,0.0,14.0,14.0,57.0,59.0,14.0,1.0,0.0,0.0,1.0,0.0,0.0,0.0,0.0,0.0,0.0,0.0,0.0,0.0,0.0,0.0,0.0,0.0,0.0,0.0,0.0,0.0,0.0,0.0,0.0,0.0,0.0,0.0,0.0,0.0,0.0,0.0
10006,0.0,2.0,5.0,6.0,42.0,0.0,2.0,0.0,0.0,0.0,0.0,0.0,0.0,0.0,0.0,0.0,0.0,0.0,0.0,0.0,0.0,0.0,0.0,0.0,0.0,0.0,0.0,0.0,0.0,0.0,0.0,0.0,2.0,0.0,0.0,0.0,2.0
10007,0.0,13.0,17.0,49.0,274.0,15.0,0.0,1.0,0.0,0.0,0.0,1.0,0.0,0.0,0.0,0.0,0.0,0.0,0.0,1.0,0.0,1.0,0.0,0.0,0.0,0.0,0.0,0.0,0.0,0.0,0.0,0.0,0.0,0.0,0.0,0.0,0.0
10008,0.0,0.0,0.0,0.0,0.0,0.0,0.0,2.0,0.0,0.0,0.0,0.0,0.0,0.0,0.0,0.0,0.0,0.0,0.0,0.0,0.0,0.0,0.0,0.0,0.0,0.0,0.0,0.0,0.0,0.0,0.0,0.0,0.0,0.0,0.0,0.0,0.0
10009,0.0,16.0,70.0,307.0,1458.0,89.0,0.0,1.0,0.0,2.0,0.0,5.0,0.0,0.0,300.0,153.0,483.0,86.0,850.0,4.0,4.0,1.0,2.0,3.0,2.0,2.0,1.0,0.0,2.0,0.0,1.0,0.0,0.0,0.0,0.0,0.0,0.0
10010,0.0,39.0,48.0,102.0,707.0,32.0,1.0,1.0,0.0,1.0,0.0,2.0,0.0,0.0,406.0,211.0,685.0,189.0,1113.0,1.0,0.0,0.0,1.0,0.0,0.0,3.0,0.0,0.0,3.0,0.0,0.0,1.0,2.0,2.0,0.0,0.0,1.0
10011,0.0,85.0,94.0,195.0,1769.0,76.0,5.0,2.0,0.0,1.0,0.0,10.0,0.0,1.0,664.0,200.0,924.0,252.0,1536.0,4.0,0.0,4.0,0.0,0.0,0.0,3.0,0.0,1.0,1.0,1.0,0.0,3.0,4.0,1.0,1.0,1.0,4.0
10012,0.0,33.0,46.0,238.0,725.0,67.0,4.0,4.0,0.0,0.0,0.0,0.0,0.0,0.0,704.0,201.0,974.0,270.0,1609.0,0.0,0.0,0.0,0.0,0.0,0.0,0.0,0.0,0.0,0.0,0.0,0.0,0.0,0.0,0.0,0.0,0.0,0.0
10013,0.0,48.0,70.0,274.0,768.0,90.0,3.0,2.0,0.0,2.0,0.0,10.0,0.0,1.0,217.0,84.0,512.0,122.0,691.0,2.0,0.0,2.0,0.0,0.0,0.0,0.0,0.0,0.0,0.0,0.0,0.0,1.0,1.0,1.0,0.0,1.0,0.0
10014,0.0,54.0,88.0,460.0,1918.0,125.0,3.0,2.0,0.0,4.0,0.0,4.0,0.0,1.0,229.0,59.0,303.0,77.0,514.0,1.0,0.0,1.0,0.0,0.0,0.0,1.0,0.0,0.0,1.0,0.0,0.0,0.0,0.0,0.0,0.0,0.0,0.0
10016,0.0,85.0,87.0,445.0,1206.0,134.0,1.0,0.0,1.0,0.0,0.0,5.0,0.0,0.0,0.0,0.0,0.0,0.0,0.0,2.0,0.0,2.0,0.0,0.0,0.0,0.0,0.0,0.0,0.0,0.0,0.0,0.0,3.0,0.0,0.0,2.0,1.0
10017,0.0,25.0,36.0,165.0,592.0,55.0,0.0,3.0,0.0,0.0,0.0,5.0,0.0,0.0,221.0,109.0,945.0,51.0,1224.0,0.0,0.0,0.0,0.0,0.0,0.0,0.0,0.0,0.0,0.0,0.0,0.0,0.0,0.0,0.0,0.0,0.0,0.0
10018,0.0,3.0,44.0,38.0,384.0,19.0,0.0,0.0,0.0,1.0,0.0,1.0,0.0,0.0,0.0,0.0,0.0,0.0,0.0,1.0,0.0,1.0,0.0,0.0,0.0,1.0,0.0,0.0,1.0,0.0,0.0,0.0,0.0,0.0,0.0,0.0,0.0
10019,0.0,77.0,96.0,442.0,1066.0,111.0,6.0,4.0,2.0,1.0,0.0,4.0,0.0,0.0,258.0,219.0,455.0,63.0,869.0,3.0,0.0,2.0,1.0,0.0,0.0,0.0,1.0,0.0,0.0,1.0,0.0,2.0,7.0,0.0,0.0,4.0,5.0
10020,0.0,0.0,0.0,26.0,66.0,2.0,0.0,0.0,0.0,0.0,0.0,0.0,0.0,0.0,0.0,0.0,0.0,0.0,0.0,0.0,0.0,0.0,0.0,0.0,0.0,0.0,0.0,0.0,0.0,0.0,0.0,0.0,0.0,0.0,0.0,0.0,0.0
10021,0.0,77.0,74.0,350.0,1368.0,167.0,0.0,2.0,0.0,2.0,0.0,5.0,0.0,1.0,384.0,121.0,664.0,123.0,1046.0,3.0,0.0,3.0,0.0,0.0,0.0,2.0,0.0,0.0,2.0,0.0,0.0,1.0,0.0,1.0,0.0,0.0,0.0
10022,0.0,80.0,53.0,311.0,1172.0,91.0,1.0,0.0,0.0,0.0,0.0,1.0,0.0,0.0,0.0,0.0,0.0,0.0,0.0,0.0,0.0,0.0,0.0,0.0,0.0,0.0,0.0,0.0,0.0,0.0,0.0,0.0,0.0,0.0,0.0,0.0,0.0
10023,0.0,104.0,57.0,375.0,1756.0,72.0,2.0,2.0,0.0,0.0,0.0,3.0,0.0,0.0,339.0,158.0,971.0,151.0,1317.0,4.0,0.0,3.0,0.0,1.0,0.0,3.0,0.0,1.0,1.0,0.0,1.0,3.0,3.0,2.0,1.0,0.0,3.0
10024,0.0,67.0,80.0,370.0,2763.0,98.0,3.0,0.0,0.0,0.0,0.0,2.0,0.0,0.0,130.0,78.0,191.0,42.0,357.0,5.0,0.0,5.0,0.0,0.0,0.0,4.0,1.0,3.0,2.0,0.0,0.0,1.0,1.0,0.0,0.0,1.0,1.0
10025,0.0,64.0,126.0,576.0,2796.0,198.0,4.0,1.0,0.0,1.0,0.0,0.0,0.0,0.0,401.0,177.0,891.0,169.0,1300.0,5.0,1.0,3.0,2.0,0.0,1.0,4.0,3.0,0.0,4.0,2.0,1.0,0.0,0.0,0.0,0.0,0.0,0.0
10026,0.0,35.0,60.0,380.0,1285.0,104.0,1.0,0.0,0.0,0.0,0.0,1.0,0.0,0.0,527.0,374.0,937.0,141.0,1697.0,2.0,7.0,3.0,1.0,2.0,3.0,0.0,6.0,1.0,0.0,2.0,3.0,0.0,2.0,1.0,0.0,0.0,1.0
10027,0.0,23.0,147.0,443.0,2214.0,188.0,2.0,1.0,0.0,1.0,0.0,3.0,0.0,0.0,651.0,419.0,1178.0,208.0,2040.0,4.0,11.0,3.0,4.0,4.0,4.0,3.0,9.0,1.0,5.0,2.0,4.0,1.0,4.0,1.0,1.0,2.0,1.0
10028,0.0,40.0,91.0,354.0,1229.0,132.0,0.0,1.0,0.0,0.0,0.0,1.0,0.0,0.0,0.0,0.0,0.0,0.0,0.0,2.0,0.0,2.0,0.0,0.0,0.0,1.0,0.0,1.0,0.0,0.0,0.0,0.0,0.0,0.0,0.0,0.0,0.0
10029,0.0,21.0,181.0,542.0,1579.0,121.0,1.0,0.0,0.0,5.0,0.0,8.0,0.0,0.0,414.0,311.0,835.0,184.0,1376.0,5.0,13.0,3.0,5.0,4.0,6.0,5.0,8.0,2.0,4.0,1.0,6.0,0.0,7.0,1.0,1.0,2.0,3.0
10030,0.0,15.0,52.0,209.0,1067.0,37.0,0.0,1.0,0.0,0.0,0.0,1.0,0.0,0.0,517.0,397.0,1035.0,119.0,1830.0,0.0,8.0,3.0,1.0,2.0,2.0,1.0,5.0,1.0,1.0,1.0,3.0,1.0,2.0,0.0,1.0,0.0,2.0
10031,0.0,7.0,131.0,418.0,1912.0,126.0,3.0,0.0,0.0,0.0,0.0,0.0,1.0,0.0,296.0,197.0,723.0,98.0,1118.0,1.0,3.0,0.0,1.0,2.0,1.0,0.0,4.0,0.0,1.0,2.0,1.0,1.0,2.0,1.0,0.0,2.0,0.0
10032,0.0,17.0,145.0,418.0,1481.0,173.0,1.0,1.0,0.0,0.0,0.0,0.0,0.0,0.0,457.0,275.0,653.0,190.0,1195.0,1.0,5.0,1.0,1.0,4.0,0.0,0.0,4.0,0.0,1.0,1.0,2.0,0.0,1.0,0.0,0.0,0.0,1.0
10033,0.0,14.0,119.0,414.0,1301.0,137.0,1.0,1.0,0.0,0.0,0.0,2.0,0.0,0.0,397.0,198.0,540.0,119.0,1016.0,1.0,5.0,0.0,0.0,3.0,3.0,0.0,6.0,0.0,1.0,3.0,2.0,0.0,2.0,0.0,0.0,0.0,2.0
10034,0.0,7.0,68.0,378.0,1013.0,115.0,3.0,1.0,0.0,2.0,0.0,0.0,0.0,0.0,205.0,118.0,298.0,72.0,549.0,2.0,5.0,2.0,1.0,1.0,3.0,1.0,5.0,0.0,3.0,1.0,2.0,0.0,1.0,0.0,0.0,0.0,1.0
10035,0.0,6.0,141.0,292.0,1438.0,139.0,0.0,1.0,0.0,2.0,0.0,5.0,0.0,1.0,220.0,154.0,459.0,76.0,757.0,0.0,10.0,2.0,3.0,1.0,4.0,0.0,8.0,1.0,3.0,0.0,4.0,0.0,3.0,0.0,0.0,0.0,3.0
10036,0.0,22.0,71.0,158.0,605.0,60.0,2.0,4.0,0.0,3.0,0.0,9.0,0.0,0.0,819.0,289.0,1090.0,286.0,1912.0,2.0,0.0,1.0,1.0,0.0,0.0,1.0,0.0,0.0,1.0,0.0,0.0,3.0,1.0,1.0,0.0,2.0,1.0
10037,0.0,1.0,39.0,114.0,512.0,33.0,8.0,1.0,1.0,0.0,0.0,2.0,1.0,0.0,565.0,283.0,930.0,205.0,1573.0,0.0,3.0,0.0,1.0,0.0,2.0,0.0,1.0,0.0,1.0,0.0,0.0,0.0,1.0,0.0,1.0,0.0,0.0
10038,0.0,16.0,18.0,87.0,251.0,18.0,0.0,2.0,0.0,1.0,0.0,4.0,0.0,0.0,153.0,135.0,288.0,32.0,544.0,1.0,2.0,2.0,1.0,0.0,0.0,0.0,1.0,0.0,1.0,0.0,0.0,0.0,3.0,0.0,0.0,1.0,2.0
10039,0.0,5.0,29.0,92.0,664.0,16.0,3.0,0.0,0.0,1.0,0.0,2.0,0.0,0.0,497.0,361.0,839.0,169.0,1528.0,0.0,2.0,0.0,0.0,0.0,2.0,0.0,2.0,0.0,0.0,0.0,2.0,0.0,1.0,0.0,0.0,1.0,0.0
10040,0.0,12.0,109.0,337.0,1012.0,102.0,9.0,0.0,1.0,3.0,0.0,2.0,0.0,0.0,309.0,154.0,480.0,113.0,830.0,3.0,3.0,2.0,1.0,2.0,1.0,1.0,3.0,0.0,3.0,0.0,1.0,0.0,2.0,0.0,1.0,0.0,1.0
10041,0.0,0.0,0.0,0.0,0.0,0.0,0.0,0.0,0.0,0.0,0.0,0.0,0.0,0.0,62.0,44.0,121.0,15.0,212.0,0.0,0.0,0.0,0.0,0.0,0.0,0.0,0.0,0.0,0.0,0.0,0.0,0.0,0.0,0.0,0.0,0.0,0.0
10044,0.0,3.0,0.0,0.0,0.0,0.0,0.0,1.0,0.0,0.0,0.0,1.0,0.0,0.0,69.0,47.0,87.0,10.0,193.0,1.0,0.0,1.0,0.0,0.0,0.0,1.0,0.0,0.0,1.0,0.0,0.0,0.0,0.0,0.0,0.0,0.0,0.0
10047,0.0,0.0,0.0,0.0,0.0,0.0,0.0,0.0,0.0,0.0,0.0,1.0,0.0,0.0,0.0,0.0,0.0,0.0,0.0,0.0,0.0,0.0,0.0,0.0,0.0,0.0,0.0,0.0,0.0,0.0,0.0,0.0,0.0,0.0,0.0,0.0,0.0
10048,0.0,0.0,1.0,3.0,8.0,0.0,0.0,0.0,0.0,0.0,0.0,1.0,0.0,0.0,0.0,0.0,0.0,0.0,0.0,0.0,0.0,0.0,0.0,0.0,0.0,0.0,0.0,0.0,0.0,0.0,0.0,0.0,0.0,0.0,0.0,0.0,0.0
10061,0.0,0.0,0.0,0.0,0.0,0.0,0.0,0.0,0.0,0.0,0.0,1.0,0.0,0.0,0.0,0.0,0.0,0.0,0.0,0.0,0.0,0.0,0.0,0.0,0.0,0.0,0.0,0.0,0.0,0.0,0.0,0.0,0.0,0.0,0.0,0.0,0.0
10065,0.0,48.0,80.0,457.0,1217.0,157.0,1.0,0.0,0.0,0.0,0.0,0.0,0.0,0.0,0.0,0.0,0.0,0.0,0.0,1.0,0.0,1.0,0.0,0.0,0.0,0.0,0.0,0.0,0.0,0.0,0.0,1.0,0.0,0.0,0.0,1.0,0.0
10069,0.0,10.0,7.0,55.0,56.0,1.0,0.0,0.0,0.0,0.0,0.0,0.0,0.0,0.0,37.0,16.0,72.0,14.0,111.0,0.0,0.0,0.0,0.0,0.0,0.0,0.0,0.0,0.0,0.0,0.0,0.0,0.0,0.0,0.0,0.0,0.0,0.0
10075,0.0,42.0,28.0,147.0,647.0,77.0,0.0,0.0,0.0,0.0,0.0,0.0,0.0,0.0,0.0,0.0,0.0,0.0,0.0,0.0,0.0,0.0,0.0,0.0,0.0,1.0,0.0,0.0,1.0,0.0,0.0,0.0,0.0,0.0,0.0,0.0,0.0
10098,0.0,0.0,0.0,0.0,0.0,0.0,0.0,0.0,0.0,0.0,0.0,0.0,0.0,0.0,836.0,300.0,1277.0,321.0,2092.0,0.0,0.0,0.0,0.0,0.0,0.0,0.0,0.0,0.0,0.0,0.0,0.0,0.0,0.0,0.0,0.0,0.0,0.0
10106,0.0,0.0,0.0,0.0,0.0,0.0,0.0,0.0,0.0,0.0,0.0,0.0,0.0,0.0,288.0,112.0,454.0,71.0,783.0,0.0,0.0,0.0,0.0,0.0,0.0,0.0,0.0,0.0,0.0,0.0,0.0,0.0,0.0,0.0,0.0,0.0,0.0
10107,0.0,0.0,0.0,0.0,0.0,0.0,1.0,0.0,0.0,0.0,0.0,0.0,0.0,0.0,0.0,0.0,0.0,0.0,0.0,0.0,0.0,0.0,0.0,0.0,0.0,0.0,0.0,0.0,0.0,0.0,0.0,0.0,0.0,0.0,0.0,0.0,0.0
10109,0.0,0.0,0.0,0.0,0.0,0.0,0.0,0.0,0.0,0.0,0.0,2.0,0.0,0.0,0.0,0.0,0.0,0.0,0.0,0.0,0.0,0.0,0.0,0.0,0.0,0.0,0.0,0.0,0.0,0.0,0.0,0.0,0.0,0.0,0.0,0.0,0.0
10111,0.0,0.0,0.0,3.0,22.0,0.0,0.0,0.0,0.0,0.0,1.0,0.0,0.0,0.0,0.0,0.0,0.0,0.0,0.0,0.0,0.0,0.0,0.0,0.0,0.0,0.0,0.0,0.0,0.0,0.0,0.0,0.0,0.0,0.0,0.0,0.0,0.0
10115,0.0,0.0,0.0,3.0,4.0,0.0,1.0,0.0,0.0,0.0,0.0,0.0,0.0,0.0,321.0,168.0,529.0,113.0,905.0,0.0,0.0,0.0,0.0,0.0,0.0,0.0,0.0,0.0,0.0,0.0,0.0,0.0,0.0,0.0,0.0,0.0,0.0
10119,0.0,3.0,0.0,0.0,0.0,0.0,0.0,0.0,0.0,0.0,0.0,0.0,0.0,0.0,0.0,0.0,0.0,0.0,0.0,0.0,0.0,0.0,0.0,0.0,0.0,0.0,0.0,0.0,0.0,0.0,0.0,0.0,0.0,0.0,0.0,0.0,0.0
10128,0.0,57.0,102.0,394.0,1502.0,138.0,0.0,1.0,0.0,1.0,0.0,1.0,0.0,1.0,546.0,193.0,1045.0,184.0,1600.0,4.0,0.0,4.0,0.0,0.0,0.0,0.0,0.0,0.0,0.0,0.0,0.0,0.0,1.0,0.0,0.0,0.0,1.0
10152,0.0,0.0,0.0,0.0,0.0,0.0,0.0,1.0,0.0,0.0,0.0,0.0,0.0,0.0,0.0,0.0,0.0,0.0,0.0,0.0,0.0,0.0,0.0,0.0,0.0,0.0,0.0,0.0,0.0,0.0,0.0,0.0,0.0,0.0,0.0,0.0,0.0
10153,0.0,0.0,0.0,0.0,0.0,0.0,1.0,0.0,0.0,0.0,0.0,0.0,0.0,0.0,0.0,0.0,0.0,0.0,0.0,0.0,0.0,0.0,0.0,0.0,0.0,0.0,0.0,0.0,0.0,0.0,0.0,0.0,0.0,0.0,0.0,0.0,0.0
10155,0.0,1.0,0.0,0.0,0.0,0.0,0.0,0.0,0.0,0.0,0.0,0.0,0.0,0.0,657.0,168.0,655.0,183.0,1297.0,0.0,0.0,0.0,0.0,0.0,0.0,0.0,0.0,0.0,0.0,0.0,0.0,0.0,0.0,0.0,0.0,0.0,0.0
10162,0.0,0.0,0.0,0.0,0.0,0.0,0.0,0.0,0.0,0.0,0.0,0.0,0.0,0.0,246.0,92.0,485.0,91.0,732.0,0.0,0.0,0.0,0.0,0.0,0.0,0.0,0.0,0.0,0.0,0.0,0.0,0.0,0.0,0.0,0.0,0.0,0.0
10173,0.0,0.0,0.0,0.0,0.0,0.0,0.0,0.0,0.0,0.0,0.0,0.0,0.0,0.0,366.0,144.0,515.0,108.0,917.0,0.0,0.0,0.0,0.0,0.0,0.0,0.0,0.0,0.0,0.0,0.0,0.0,0.0,0.0,0.0,0.0,0.0,0.0
10176,0.0,0.0,0.0,0.0,0.0,0.0,0.0,0.0,0.0,0.0,0.0,0.0,0.0,0.0,575.0,170.0,741.0,127.0,1359.0,0.0,0.0,0.0,0.0,0.0,0.0,0.0,0.0,0.0,0.0,0.0,0.0,0.0,0.0,0.0,0.0,0.0,0.0
10270,0.0,0.0,0.0,0.0,0.0,0.0,0.0,0.0,0.0,0.0,0.0,0.0,0.0,0.0,375.0,180.0,925.0,111.0,1369.0,0.0,0.0,0.0,0.0,0.0,0.0,0.0,0.0,0.0,0.0,0.0,0.0,0.0,0.0,0.0,0.0,0.0,0.0
10278,0.0,0.0,0.0,0.0,0.0,0.0,0.0,0.0,0.0,0.0,0.0,0.0,0.0,0.0,612.0,172.0,858.0,185.0,1457.0,0.0,0.0,0.0,0.0,0.0,0.0,0.0,0.0,0.0,0.0,0.0,0.0,0.0,0.0,0.0,0.0,0.0,0.0
10280,0.0,6.0,13.0,40.0,349.0,16.0,0.0,0.0,0.0,0.0,0.0,0.0,0.0,0.0,34.0,22.0,62.0,6.0,112.0,0.0,0.0,0.0,0.0,0.0,0.0,0.0,0.0,0.0,0.0,0.0,0.0,0.0,0.0,0.0,0.0,0.0,0.0
10281,0.0,0.0,1.0,20.0,48.0,3.0,0.0,0.0,0.0,0.0,0.0,0.0,0.0,0.0,0.0,0.0,0.0,0.0,0.0,0.0,0.0,0.0,0.0,0.0,0.0,0.0,0.0,0.0,0.0,0.0,0.0,0.0,0.0,0.0,0.0,0.0,0.0
10282,0.0,5.0,4.0,12.0,216.0,2.0,0.0,0.0,0.0,0.0,0.0,0.0,0.0,0.0,0.0,0.0,0.0,0.0,0.0,1.0,0.0,1.0,0.0,0.0,0.0,1.0,0.0,0.0,1.0,0.0,0.0,1.0,0.0,1.0,0.0,0.0,0.0
10285,0.0,0.0,0.0,0.0,0.0,0.0,0.0,0.0,0.0,0.0,0.0,0.0,0.0,0.0,11.0,5.0,11.0,2.0,25.0,0.0,0.0,0.0,0.0,0.0,0.0,0.0,0.0,0.0,0.0,0.0,0.0,0.0,0.0,0.0,0.0,0.0,0.0
10301,304.0,0.0,255.0,782.0,4776.0,221.0,2.0,0.0,0.0,1.0,3.0,3.0,0.0,0.0,19.0,18.0,42.0,6.0,73.0,4.0,4.0,2.0,1.0,1.0,4.0,1.0,1.0,0.0,1.0,1.0,0.0,2.0,1.0,0.0,0.0,1.0,2.0
10302,167.0,0.0,72.0,177.0,2054.0,66.0,0.0,0.0,0.0,0.0,0.0,1.0,0.0,1.0,56.0,37.0,100.0,7.0,186.0,0.0,2.0,0.0,0.0,1.0,1.0,0.0,2.0,0.0,1.0,1.0,0.0,0.0,1.0,0.0,0.0,0.0,1.0
10303,245.0,0.0,168.0,534.0,2318.0,218.0,0.0,0.0,0.0,0.0,0.0,5.0,0.0,1.0,86.0,71.0,155.0,13.0,299.0,0.0,2.0,0.0,0.0,1.0,1.0,0.0,0.0,0.0,0.0,0.0,0.0,0.0,0.0,0.0,0.0,0.0,0.0
10304,0.0,287.0,203.0,720.0,4738.0,194.0,2.0,0.0,0.0,1.0,0.0,1.0,0.0,0.0,35.0,43.0,44.0,6.0,116.0,2.0,3.0,2.0,1.0,0.0,2.0,1.0,2.0,0.0,1.0,0.0,2.0,0.0,1.0,0.0,0.0,0.0,1.0
10305,0.0,344.0,220.0,887.0,5496.0,252.0,1.0,1.0,0.0,1.0,0.0,6.0,0.0,0.0,27.0,34.0,52.0,7.0,106.0,3.0,1.0,1.0,1.0,1.0,1.0,0.0,0.0,0.0,0.0,0.0,0.0,0.0,0.0,0.0,0.0,0.0,0.0
10306,0.0,662.0,414.0,1801.0,10446.0,369.0,4.0,0.0,0.0,0.0,0.0,1.0,0.0,0.0,10.0,16.0,33.0,5.0,54.0,4.0,0.0,2.0,1.0,1.0,0.0,1.0,0.0,0.0,1.0,0.0,0.0,2.0,0.0,1.0,0.0,1.0,0.0
10307,0.0,192.0,149.0,578.0,4548.0,176.0,2.0,2.0,0.0,0.0,0.0,2.0,0.0,0.0,7.0,9.0,10.0,1.0,25.0,2.0,0.0,2.0,0.0,0.0,0.0,1.0,0.0,0.0,1.0,0.0,0.0,0.0,0.0,0.0,0.0,0.0,0.0
10308,0.0,403.0,310.0,1246.0,5223.0,337.0,0.0,1.0,0.0,0.0,0.0,0.0,0.0,0.0,11.0,12.0,16.0,3.0,36.0,3.0,0.0,3.0,0.0,0.0,0.0,1.0,0.0,0.0,1.0,0.0,0.0,0.0,0.0,0.0,0.0,0.0,0.0
10309,0.0,462.0,544.0,1623.0,9890.0,593.0,3.0,0.0,0.0,2.0,0.0,4.0,0.0,0.0,3.0,4.0,2.0,0.0,9.0,2.0,0.0,2.0,0.0,0.0,0.0,0.0,0.0,0.0,0.0,0.0,0.0,0.0,0.0,0.0,0.0,0.0,0.0
10310,205.0,0.0,135.0,253.0,3162.0,79.0,0.0,0.0,0.0,0.0,0.0,0.0,0.0,0.0,59.0,49.0,113.0,9.0,212.0,1.0,2.0,0.0,0.0,1.0,2.0,0.0,1.0,0.0,1.0,0.0,0.0,0.0,0.0,0.0,0.0,0.0,0.0
10311,0.0,0.0,0.0,0.0,0.0,0.0,0.0,0.0,0.0,0.0,0.0,0.0,0.0,0.0,3.0,3.0,7.0,0.0,13.0,1.0,0.0,0.0,0.0,0.0,1.0,1.0,0.0,0.0,0.0,1.0,0.0,2.0,0.0,0.0,0.0,1.0,1.0
10312,813.0,0.0,830.0,3594.0,16691.0,1071.0,2.0,0.0,0.0,0.0,0.0,2.0,1.0,0.0,5.0,5.0,25.0,1.0,34.0,5.0,0.0,2.0,3.0,0.0,0.0,2.0,0.0,0.0,2.0,0.0,0.0,1.0,0.0,0.0,0.0,1.0,0.0
10313,0.0,0.0,0.0,0.0,0.0,0.0,0.0,0.0,0.0,0.0,0.0,0.0,0.0,0.0,7.0,17.0,11.0,0.0,35.0,0.0,0.0,0.0,0.0,0.0,0.0,0.0,0.0,0.0,0.0,0.0,0.0,0.0,0.0,0.0,0.0,0.0,0.0
10314,936.0,0.0,575.0,2340.0,13328.0,662.0,0.0,0.0,0.0,0.0,2.0,5.0,1.0,0.0,13.0,7.0,21.0,4.0,37.0,8.0,0.0,4.0,3.0,1.0,0.0,3.0,0.0,0.0,3.0,0.0,0.0,3.0,0.0,1.0,0.0,2.0,0.0
10421,0.0,0.0,0.0,0.0,0.0,0.0,0.0,0.0,0.0,1.0,0.0,0.0,0.0,0.0,0.0,0.0,0.0,0.0,0.0,0.0,0.0,0.0,0.0,0.0,0.0,0.0,0.0,0.0,0.0,0.0,0.0,0.0,0.0,0.0,0.0,0.0,0.0
10422,0.0,0.0,0.0,0.0,0.0,0.0,0.0,0.0,0.0,0.0,0.0,0.0,0.0,0.0,217.0,144.0,284.0,75.0,570.0,0.0,0.0,0.0,0.0,0.0,0.0,0.0,0.0,0.0,0.0,0.0,0.0,0.0,0.0,0.0,0.0,0.0,0.0
10451,0.0,75.0,183.0,448.0,1632.0,187.0,2.0,1.0,0.0,12.0,1.0,35.0,0.0,0.0,590.0,376.0,1075.0,160.0,1881.0,0.0,10.0,4.0,1.0,0.0,5.0,0.0,7.0,0.0,3.0,0.0,4.0,0.0,6.0,0.0,2.0,0.0,4.0
10452,0.0,33.0,294.0,570.0,2288.0,168.0,4.0,2.0,0.0,0.0,0.0,0.0,0.0,0.0,345.0,122.0,613.0,180.0,900.0,0.0,12.0,2.0,2.0,3.0,5.0,0.0,5.0,0.0,2.0,2.0,1.0,0.0,1.0,0.0,0.0,0.0,1.0
10453,0.0,39.0,176.0,520.0,2249.0,105.0,1.0,0.0,0.0,0.0,0.0,2.0,0.0,0.0,586.0,384.0,885.0,196.0,1659.0,0.0,13.0,0.0,2.0,2.0,9.0,0.0,10.0,0.0,2.0,4.0,4.0,1.0,2.0,0.0,0.0,1.0,2.0
10454,0.0,24.0,96.0,302.0,1297.0,60.0,5.0,0.0,0.0,4.0,1.0,9.0,0.0,0.0,702.0,452.0,998.0,206.0,1946.0,0.0,17.0,4.0,5.0,4.0,4.0,0.0,6.0,0.0,2.0,3.0,1.0,0.0,2.0,0.0,0.0,2.0,0.0
10455,0.0,35.0,144.0,299.0,1523.0,78.0,1.0,0.0,0.0,1.0,0.0,6.0,0.0,0.0,508.0,400.0,841.0,198.0,1551.0,0.0,7.0,1.0,0.0,2.0,4.0,0.0,6.0,0.0,2.0,0.0,4.0,0.0,3.0,0.0,1.0,1.0,1.0
10456,0.0,64.0,331.0,529.0,3042.0,183.0,0.0,0.0,0.0,0.0,0.0,5.0,0.0,0.0,418.0,305.0,681.0,123.0,1281.0,0.0,17.0,3.0,0.0,6.0,8.0,0.0,16.0,1.0,3.0,3.0,9.0,0.0,10.0,0.0,1.0,1.0,8.0
10457,0.0,75.0,263.0,920.0,2720.0,272.0,3.0,0.0,0.0,0.0,0.0,6.0,0.0,0.0,499.0,339.0,938.0,219.0,1557.0,0.0,17.0,2.0,0.0,4.0,11.0,0.0,18.0,0.0,6.0,2.0,10.0,0.0,10.0,0.0,1.0,2.0,7.0
10458,0.0,89.0,193.0,508.0,2559.0,145.0,4.0,1.0,0.0,0.0,0.0,0.0,0.0,0.0,432.0,237.0,656.0,157.0,1168.0,0.0,8.0,0.0,0.0,2.0,6.0,0.0,5.0,0.0,1.0,0.0,4.0,0.0,7.0,0.0,0.0,2.0,5.0
10459,0.0,63.0,168.0,387.0,2436.0,87.0,4.0,1.0,0.0,2.0,0.0,2.0,0.0,0.0,300.0,256.0,519.0,106.0,969.0,0.0,6.0,1.0,1.0,1.0,3.0,0.0,5.0,1.0,1.0,0.0,3.0,0.0,3.0,0.0,0.0,0.0,3.0
10460,0.0,79.0,177.0,401.0,2569.0,114.0,1.0,1.0,0.0,3.0,0.0,5.0,0.0,0.0,237.0,208.0,425.0,75.0,795.0,0.0,10.0,0.0,0.0,2.0,8.0,0.0,8.0,0.0,0.0,3.0,5.0,0.0,3.0,0.0,0.0,0.0,3.0
10461,0.0,227.0,256.0,447.0,4780.0,153.0,4.0,1.0,0.0,3.0,0.0,0.0,0.0,0.0,80.0,69.0,110.0,22.0,237.0,2.0,4.0,3.0,3.0,0.0,0.0,1.0,3.0,0.0,4.0,0.0,0.0,2.0,4.0,0.0,0.0,1.0,5.0
10462,0.0,306.0,186.0,432.0,3491.0,125.0,3.0,1.0,0.0,4.0,0.0,5.0,0.0,1.0,121.0,59.0,164.0,26.0,318.0,2.0,7.0,2.0,1.0,4.0,2.0,2.0,4.0,0.0,5.0,1.0,0.0,0.0,1.0,0.0,0.0,0.0,1.0
10463,0.0,314.0,170.0,495.0,2896.0,162.0,1.0,1.0,0.0,0.0,0.0,0.0,0.0,0.0,120.0,135.0,294.0,44.0,505.0,2.0,5.0,1.0,2.0,2.0,2.0,1.0,5.0,0.0,2.0,4.0,0.0,3.0,7.0,0.0,1.0,2.0,7.0
10464,57.0,0.0,24.0,129.0,873.0,36.0,0.0,0.0,0.0,0.0,0.0,2.0,0.0,0.0,2.0,5.0,1.0,1.0,7.0,1.0,0.0,0.0,1.0,0.0,0.0,1.0,0.0,0.0,1.0,0.0,0.0,0.0,0.0,0.0,0.0,0.0,0.0
10465,360.0,0.0,158.0,459.0,4437.0,129.0,0.0,0.0,0.0,0.0,0.0,1.0,0.0,0.0,36.0,52.0,68.0,9.0,147.0,2.0,1.0,1.0,1.0,1.0,0.0,0.0,3.0,0.0,2.0,0.0,1.0,0.0,0.0,0.0,0.0,0.0,0.0
10466,0.0,286.0,285.0,503.0,4151.0,149.0,2.0,0.0,0.0,3.0,0.0,0.0,0.0,0.0,201.0,134.0,349.0,137.0,547.0,1.0,7.0,1.0,1.0,2.0,4.0,0.0,3.0,0.0,0.0,1.0,2.0,1.0,2.0,0.0,0.0,0.0,3.0
10467,0.0,185.0,276.0,530.0,3388.0,161.0,5.0,1.0,0.0,2.0,0.0,3.0,0.0,0.0,182.0,122.0,285.0,57.0,532.0,0.0,7.0,0.0,1.0,3.0,3.0,0.0,9.0,0.0,2.0,4.0,3.0,1.0,4.0,0.0,0.0,1.0,4.0
10468,0.0,77.0,171.0,459.0,2273.0,87.0,6.0,2.0,0.0,3.0,0.0,7.0,0.0,0.0,227.0,159.0,415.0,63.0,738.0,0.0,6.0,0.0,0.0,1.0,5.0,0.0,4.0,0.0,1.0,0.0,3.0,2.0,6.0,2.0,0.0,2.0,4.0
10469,0.0,365.0,392.0,731.0,5378.0,209.0,2.0,1.0,0.0,3.0,0.0,2.0,0.0,0.0,110.0,84.0,188.0,36.0,346.0,1.0,5.0,1.0,0.0,3.0,2.0,0.0,3.0,0.0,0.0,3.0,0.0,0.0,5.0,0.0,0.0,1.0,4.0
10470,0.0,84.0,63.0,182.0,1088.0,55.0,2.0,1.0,0.0,1.0,0.0,0.0,0.0,0.0,62.0,88.0,109.0,16.0,243.0,1.0,1.0,1.0,0.0,0.0,1.0,1.0,0.0,0.0,1.0,0.0,0.0,0.0,0.0,0.0,0.0,0.0,0.0
10471,0.0,206.0,99.0,255.0,1505.0,44.0,1.0,0.0,0.0,0.0,0.0,1.0,0.0,0.0,21.0,23.0,19.0,4.0,59.0,1.0,0.0,1.0,0.0,0.0,0.0,0.0,0.0,0.0,0.0,0.0,0.0,0.0,0.0,0.0,0.0,0.0,0.0
10472,0.0,98.0,129.0,348.0,2852.0,101.0,4.0,1.0,0.0,0.0,0.0,1.0,0.0,0.0,0.0,0.0,0.0,0.0,0.0,1.0,5.0,0.0,1.0,2.0,3.0,0.0,4.0,0.0,1.0,1.0,2.0,0.0,4.0,0.0,0.0,1.0,3.0
10473,200.0,0.0,133.0,453.0,3654.0,129.0,0.0,0.0,0.0,1.0,0.0,2.0,0.0,0.0,96.0,68.0,138.0,25.0,277.0,2.0,7.0,4.0,0.0,2.0,3.0,0.0,7.0,0.0,2.0,1.0,4.0,0.0,6.0,0.0,0.0,0.0,6.0
10474,10.0,0.0,182.0,328.0,2022.0,112.0,0.0,0.0,0.0,11.0,0.0,17.0,1.0,0.0,58.0,45.0,113.0,19.0,197.0,0.0,2.0,0.0,0.0,1.0,1.0,0.0,2.0,0.0,0.0,1.0,1.0,0.0,1.0,0.0,0.0,0.0,1.0
10475,0.0,20.0,69.0,252.0,1500.0,44.0,0.0,0.0,0.0,0.0,0.0,1.0,1.0,2.0,65.0,116.0,147.0,6.0,322.0,2.0,2.0,0.0,1.0,1.0,2.0,1.0,3.0,0.0,2.0,1.0,1.0,2.0,1.0,0.0,0.0,1.0,2.0
10499,0.0,0.0,0.0,0.0,0.0,0.0,0.0,0.0,0.0,0.0,0.0,0.0,0.0,0.0,15.0,19.0,54.0,4.0,84.0,0.0,0.0,0.0,0.0,0.0,0.0,0.0,0.0,0.0,0.0,0.0,0.0,0.0,0.0,0.0,0.0,0.0,0.0
11001,53.0,0.0,85.0,88.0,1184.0,14.0,0.0,0.0,0.0,0.0,0.0,0.0,0.0,0.0,0.0,0.0,0.0,0.0,0.0,1.0,0.0,1.0,0.0,0.0,0.0,0.0,0.0,0.0,0.0,0.0,0.0,0.0,0.0,0.0,0.0,0.0,0.0
11002,0.0,0.0,0.0,0.0,0.0,0.0,0.0,0.0,0.0,0.0,0.0,1.0,0.0,0.0,0.0,0.0,0.0,0.0,0.0,0.0,0.0,0.0,0.0,0.0,0.0,0.0,0.0,0.0,0.0,0.0,0.0,0.0,0.0,0.0,0.0,0.0,0.0
11003,0.0,0.0,0.0,0.0,0.0,0.0,0.0,0.0,0.0,0.0,0.0,1.0,0.0,0.0,0.0,0.0,0.0,0.0,0.0,0.0,0.0,0.0,0.0,0.0,0.0,0.0,0.0,0.0,0.0,0.0,0.0,0.0,0.0,0.0,0.0,0.0,0.0
11004,200.0,0.0,125.0,548.0,3353.0,104.0,0.0,0.0,0.0,0.0,0.0,0.0,0.0,0.0,24.0,19.0,31.0,11.0,63.0,1.0,0.0,1.0,0.0,0.0,0.0,1.0,0.0,0.0,1.0,0.0,0.0,0.0,0.0,0.0,0.0,0.0,0.0
11005,117.0,0.0,15.0,43.0,104.0,6.0,0.0,0.0,0.0,0.0,0.0,0.0,0.0,0.0,4.0,0.0,0.0,0.0,4.0,0.0,0.0,0.0,0.0,0.0,0.0,0.0,0.0,0.0,0.0,0.0,0.0,0.0,0.0,0.0,0.0,0.0,0.0
11020,0.0,0.0,0.0,0.0,0.0,0.0,0.0,0.0,0.0,0.0,0.0,0.0,0.0,0.0,1.0,0.0,1.0,0.0,2.0,0.0,0.0,0.0,0.0,0.0,0.0,0.0,0.0,0.0,0.0,0.0,0.0,0.0,0.0,0.0,0.0,0.0,0.0
11026,0.0,0.0,0.0,0.0,0.0,0.0,0.0,0.0,0.0,0.0,0.0,1.0,0.0,0.0,0.0,0.0,0.0,0.0,0.0,0.0,0.0,0.0,0.0,0.0,0.0,0.0,0.0,0.0,0.0,0.0,0.0,0.0,0.0,0.0,0.0,0.0,0.0
11040,55.0,0.0,25.0,107.0,678.0,55.0,0.0,0.0,0.0,0.0,0.0,0.0,0.0,0.0,0.0,0.0,0.0,0.0,0.0,0.0,0.0,0.0,0.0,0.0,0.0,0.0,0.0,0.0,0.0,0.0,0.0,0.0,0.0,0.0,0.0,0.0,0.0
11096,0.0,0.0,0.0,0.0,9.0,0.0,0.0,0.0,0.0,0.0,0.0,0.0,0.0,0.0,0.0,0.0,0.0,0.0,0.0,0.0,0.0,0.0,0.0,0.0,0.0,0.0,0.0,0.0,0.0,0.0,0.0,0.0,0.0,0.0,0.0,0.0,0.0
11101,0.0,582.0,142.0,623.0,2429.0,193.0,11.0,3.0,0.0,28.0,6.0,68.0,0.0,5.0,193.0,121.0,261.0,60.0,515.0,1.0,2.0,0.0,1.0,1.0,1.0,2.0,2.0,0.0,3.0,0.0,1.0,4.0,6.0,3.0,1.0,5.0,1.0
11102,0.0,147.0,84.0,258.0,1319.0,81.0,1.0,1.0,0.0,4.0,0.0,2.0,0.0,0.0,191.0,123.0,393.0,138.0,569.0,2.0,2.0,2.0,0.0,1.0,1.0,1.0,1.0,1.0,0.0,0.0,1.0,0.0,0.0,0.0,0.0,0.0,0.0
11103,0.0,170.0,125.0,294.0,1875.0,82.0,2.0,0.0,0.0,0.0,0.0,0.0,0.0,0.0,151.0,95.0,301.0,31.0,516.0,0.0,1.0,0.0,1.0,0.0,0.0,0.0,1.0,0.0,1.0,0.0,0.0,0.0,1.0,0.0,0.0,0.0,1.0
11104,0.0,102.0,49.0,316.0,1233.0,66.0,2.0,0.0,0.0,0.0,1.0,0.0,0.0,0.0,147.0,138.0,208.0,40.0,453.0,2.0,1.0,1.0,2.0,0.0,0.0,0.0,0.0,0.0,0.0,0.0,0.0,0.0,0.0,0.0,0.0,0.0,0.0
11105,0.0,77.0,165.0,550.0,3085.0,125.0,0.0,0.0,0.0,3.0,0.0,2.0,0.0,0.0,103.0,108.0,176.0,24.0,363.0,3.0,0.0,3.0,0.0,0.0,0.0,2.0,1.0,1.0,2.0,0.0,0.0,0.0,1.0,0.0,0.0,1.0,0.0
11106,0.0,110.0,91.0,228.0,1586.0,59.0,1.0,0.0,0.0,2.0,0.0,6.0,0.0,0.0,160.0,137.0,502.0,40.0,759.0,1.0,3.0,1.0,2.0,0.0,1.0,1.0,4.0,1.0,3.0,1.0,0.0,2.0,2.0,1.0,1.0,1.0,1.0
11109,0.0,26.0,2.0,6.0,78.0,6.0,0.0,0.0,0.0,0.0,0.0,0.0,0.0,0.0,0.0,0.0,0.0,0.0,0.0,1.0,0.0,1.0,0.0,0.0,0.0,1.0,0.0,0.0,1.0,0.0,0.0,0.0,0.0,0.0,0.0,0.0,0.0
11120,0.0,0.0,0.0,0.0,0.0,0.0,0.0,0.0,0.0,0.0,0.0,2.0,0.0,0.0,0.0,0.0,0.0,0.0,0.0,0.0,0.0,0.0,0.0,0.0,0.0,0.0,0.0,0.0,0.0,0.0,0.0,0.0,0.0,0.0,0.0,0.0,0.0
11135,0.0,0.0,0.0,0.0,0.0,0.0,1.0,0.0,0.0,0.0,0.0,0.0,0.0,0.0,0.0,0.0,0.0,0.0,0.0,0.0,0.0,0.0,0.0,0.0,0.0,0.0,0.0,0.0,0.0,0.0,0.0,0.0,0.0,0.0,0.0,0.0,0.0
11201,0.0,692.0,157.0,927.0,3244.0,186.0,4.0,3.0,0.0,3.0,0.0,16.0,0.0,0.0,65.0,54.0,86.0,25.0,180.0,6.0,2.0,4.0,2.0,0.0,2.0,3.0,2.0,0.0,4.0,1.0,0.0,2.0,6.0,0.0,0.0,3.0,5.0
11203,0.0,254.0,218.0,398.0,4406.0,119.0,0.0,0.0,0.0,0.0,0.0,2.0,0.0,0.0,214.0,130.0,231.0,52.0,523.0,1.0,9.0,1.0,5.0,3.0,1.0,2.0,6.0,1.0,2.0,3.0,2.0,1.0,5.0,0.0,0.0,3.0,3.0
11204,0.0,198.0,170.0,439.0,3978.0,144.0,4.0,1.0,0.0,0.0,0.0,0.0,0.0,0.0,53.0,33.0,107.0,8.0,185.0,5.0,4.0,4.0,5.0,0.0,0.0,1.0,7.0,0.0,8.0,0.0,0.0,0.0,2.0,0.0,0.0,2.0,0.0
11205,0.0,174.0,116.0,328.0,2129.0,67.0,0.0,0.0,0.0,8.0,1.0,12.0,0.0,1.0,196.0,105.0,248.0,63.0,486.0,4.0,7.0,3.0,3.0,0.0,5.0,1.0,5.0,0.0,1.0,1.0,4.0,0.0,2.0,0.0,0.0,0.0,2.0
11206,0.0,147.0,217.0,674.0,3043.0,134.0,2.0,1.0,0.0,11.0,0.0,20.0,0.0,2.0,515.0,337.0,728.0,136.0,1444.0,1.0,16.0,3.0,4.0,6.0,4.0,1.0,7.0,1.0,2.0,3.0,2.0,1.0,3.0,1.0,0.0,0.0,3.0
11207,0.0,306.0,341.0,1387.0,6564.0,342.0,29.0,1.0,2.0,6.0,0.0,4.0,0.0,0.0,305.0,188.0,278.0,90.0,681.0,1.0,17.0,2.0,1.0,4.0,11.0,1.0,9.0,0.0,2.0,4.0,4.0,0.0,3.0,0.0,0.0,0.0,3.0
11208,0.0,286.0,349.0,1053.0,6451.0,392.0,6.0,1.0,0.0,8.0,1.0,7.0,1.0,2.0,280.0,211.0,265.0,69.0,687.0,0.0,12.0,2.0,3.0,3.0,4.0,0.0,9.0,0.0,3.0,1.0,5.0,0.0,4.0,0.0,0.0,0.0,4.0
11209,1.0,404.0,265.0,588.0,5203.0,145.0,4.0,1.0,0.0,0.0,0.0,1.0,0.0,0.0,113.0,123.0,393.0,36.0,593.0,4.0,2.0,4.0,2.0,0.0,0.0,1.0,1.0,0.0,2.0,0.0,0.0,1.0,0.0,0.0,0.0,1.0,0.0
11210,2.0,194.0,277.0,618.0,4341.0,216.0,0.0,0.0,0.0,1.0,0.0,1.0,0.0,0.0,170.0,108.0,298.0,44.0,532.0,3.0,5.0,0.0,2.0,3.0,3.0,0.0,3.0,0.0,1.0,2.0,0.0,0.0,1.0,0.0,1.0,0.0,0.0
11211,0.0,318.0,177.0,493.0,3357.0,116.0,6.0,2.0,0.0,14.0,2.0,31.0,0.0,0.0,334.0,139.0,399.0,152.0,720.0,4.0,1.0,2.0,0.0,2.0,1.0,2.0,2.0,0.0,1.0,3.0,0.0,0.0,5.0,0.0,0.0,3.0,2.0
11212,0.0,122.0,198.0,451.0,3461.0,95.0,1.0,0.0,0.0,2.0,0.0,3.0,0.0,1.0,290.0,205.0,381.0,82.0,794.0,1.0,19.0,4.0,2.0,3.0,11.0,0.0,14.0,0.0,6.0,2.0,6.0,0.0,4.0,0.0,0.0,1.0,3.0
11213,0.0,117.0,154.0,568.0,2830.0,100.0,3.0,1.0,0.0,0.0,0.0,1.0,0.0,0.0,373.0,239.0,550.0,169.0,993.0,0.0,8.0,0.0,2.0,3.0,3.0,0.0,5.0,0.0,3.0,2.0,0.0,0.0,4.0,0.0,0.0,1.0,3.0
11214,0.0,254.0,191.0,536.0,3512.0,102.0,5.0,2.0,0.0,1.0,0.0,3.0,0.0,1.0,132.0,94.0,234.0,71.0,389.0,1.0,7.0,2.0,5.0,1.0,0.0,1.0,4.0,0.0,4.0,1.0,0.0,1.0,5.0,0.0,1.0,3.0,2.0
11215,0.0,638.0,210.0,896.0,5007.0,247.0,6.0,0.0,0.0,12.0,1.0,8.0,0.0,0.0,161.0,128.0,249.0,56.0,482.0,9.0,0.0,8.0,1.0,0.0,0.0,6.0,1.0,0.0,6.0,1.0,0.0,2.0,1.0,1.0,0.0,0.0,2.0
11216,0.0,230.0,82.0,558.0,2765.0,107.0,2.0,1.0,0.0,1.0,0.0,2.0,0.0,1.0,383.0,230.0,489.0,143.0,959.0,1.0,6.0,2.0,1.0,2.0,2.0,1.0,4.0,1.0,3.0,0.0,1.0,0.0,3.0,0.0,0.0,2.0,1.0
11217,0.0,287.0,89.0,622.0,2411.0,122.0,3.0,3.0,0.0,4.0,1.0,8.0,0.0,0.0,273.0,162.0,402.0,91.0,746.0,3.0,0.0,2.0,1.0,0.0,0.0,2.0,1.0,0.0,2.0,1.0,0.0,2.0,1.0,2.0,0.0,1.0,0.0
11218,0.0,287.0,184.0,638.0,3878.0,168.0,1.0,0.0,0.0,3.0,0.0,3.0,0.0,0.0,124.0,75.0,175.0,33.0,341.0,4.0,2.0,3.0,2.0,1.0,0.0,3.0,2.0,1.0,4.0,0.0,0.0,2.0,0.0,0.0,1.0,1.0,0.0
11219,0.0,169.0,201.0,530.0,3590.0,142.0,2.0,0.0,0.0,0.0,0.0,0.0,0.0,0.0,106.0,44.0,159.0,27.0,282.0,0.0,6.0,5.0,1.0,0.0,0.0,1.0,0.0,1.0,0.0,0.0,0.0,0.0,1.0,0.0,0.0,0.0,1.0
11220,5.0,193.0,227.0,535.0,3744.0,171.0,4.0,0.0,1.0,4.0,0.0,10.0,0.0,0.0,237.0,105.0,339.0,109.0,572.0,0.0,6.0,1.0,1.0,3.0,1.0,0.0,1.0,0.0,1.0,0.0,0.0,0.0,1.0,0.0,0.0,1.0,0.0
11221,0.0,340.0,152.0,744.0,4058.0,144.0,4.0,0.0,0.0,2.0,0.0,5.0,0.0,0.0,290.0,205.0,371.0,89.0,777.0,2.0,15.0,3.0,3.0,3.0,8.0,2.0,9.0,0.0,5.0,1.0,5.0,1.0,2.0,0.0,0.0,0.0,3.0
11222,0.0,173.0,121.0,519.0,2922.0,142.0,1.0,1.0,0.0,11.0,7.0,13.0,0.0,5.0,188.0,96.0,414.0,81.0,617.0,3.0,0.0,2.0,1.0,0.0,0.0,0.0,1.0,0.0,0.0,1.0,0.0,0.0,2.0,0.0,0.0,0.0,2.0
11223,0.0,196.0,236.0,939.0,4597.0,209.0,13.0,1.0,0.0,1.0,0.0,2.0,0.0,2.0,70.0,41.0,81.0,22.0,170.0,3.0,2.0,2.0,2.0,0.0,1.0,1.0,2.0,0.0,2.0,0.0,1.0,0.0,1.0,0.0,0.0,1.0,0.0
11224,0.0,147.0,162.0,492.0,1185.0,110.0,3.0,1.0,0.0,3.0,0.0,8.0,1.0,0.0,147.0,73.0,248.0,48.0,420.0,0.0,4.0,0.0,0.0,1.0,3.0,1.0,2.0,1.0,0.0,1.0,1.0,1.0,0.0,0.0,0.0,0.0,1.0
11225,0.0,128.0,77.0,393.0,2326.0,72.0,2.0,1.0,0.0,0.0,0.0,2.0,0.0,0.0,180.0,99.0,287.0,51.0,515.0,0.0,4.0,1.0,1.0,1.0,1.0,1.0,2.0,0.0,1.0,1.0,1.0,1.0,3.0,0.0,0.0,1.0,3.0
11226,0.0,238.0,169.0,460.0,3120.0,126.0,4.0,0.0,0.0,0.0,0.0,0.0,0.0,0.0,422.0,239.0,615.0,104.0,1172.0,1.0,7.0,1.0,2.0,2.0,3.0,0.0,4.0,0.0,1.0,1.0,2.0,0.0,4.0,0.0,0.0,1.0,3.0
11227,0.0,0.0,0.0,0.0,0.0,0.0,1.0,0.0,0.0,0.0,0.0,0.0,0.0,0.0,0.0,0.0,0.0,0.0,0.0,0.0,0.0,0.0,0.0,0.0,0.0,0.0,0.0,0.0,0.0,0.0,0.0,0.0,0.0,0.0,0.0,0.0,0.0
11228,0.0,215.0,162.0,461.0,3048.0,114.0,0.0,0.0,0.0,0.0,0.0,0.0,0.0,0.0,61.0,49.0,93.0,19.0,184.0,3.0,1.0,3.0,1.0,0.0,0.0,1.0,2.0,0.0,3.0,0.0,0.0,0.0,0.0,0.0,0.0,0.0,0.0
11229,1.0,440.0,324.0,857.0,4623.0,295.0,1.0,0.0,0.0,0.0,0.0,0.0,0.0,1.0,117.0,89.0,162.0,25.0,343.0,3.0,3.0,2.0,3.0,1.0,0.0,3.0,0.0,0.0,3.0,0.0,0.0,0.0,1.0,0.0,0.0,1.0,0.0
11230,0.0,294.0,237.0,1258.0,5452.0,389.0,1.0,0.0,1.0,0.0,0.0,1.0,0.0,0.0,95.0,92.0,195.0,37.0,345.0,1.0,3.0,0.0,3.0,1.0,0.0,1.0,1.0,0.0,1.0,1.0,0.0,1.0,0.0,0.0,0.0,1.0,0.0
11231,0.0,231.0,166.0,625.0,2677.0,192.0,2.0,1.0,0.0,12.0,1.0,13.0,0.0,5.0,114.0,37.0,175.0,49.0,277.0,4.0,2.0,2.0,2.0,0.0,2.0,2.0,0.0,0.0,0.0,1.0,1.0,1.0,1.0,0.0,0.0,0.0,2.0
11232,0.0,80.0,113.0,276.0,1653.0,68.0,1.0,0.0,0.0,4.0,1.0,6.0,0.0,1.0,0.0,0.0,0.0,0.0,0.0,0.0,4.0,1.0,0.0,1.0,2.0,0.0,2.0,0.0,0.0,1.0,1.0,0.0,1.0,0.0,0.0,0.0,1.0
11233,0.0,226.0,143.0,528.0,3952.0,109.0,1.0,2.0,0.0,1.0,0.0,3.0,1.0,0.0,307.0,209.0,412.0,63.0,865.0,1.0,13.0,3.0,5.0,3.0,3.0,0.0,9.0,0.0,3.0,3.0,3.0,0.0,2.0,0.0,0.0,0.0,2.0
11234,546.0,0.0,415.0,1270.0,9227.0,341.0,1.0,2.0,0.0,0.0,0.0,8.0,0.0,1.0,48.0,62.0,101.0,10.0,201.0,7.0,1.0,3.0,3.0,1.0,1.0,2.0,1.0,0.0,1.0,2.0,0.0,0.0,0.0,0.0,0.0,0.0,0.0
11235,1.0,467.0,394.0,1276.0,3228.0,259.0,11.0,1.0,0.0,3.0,0.0,3.0,0.0,0.0,42.0,28.0,60.0,7.0,123.0,2.0,4.0,3.0,2.0,1.0,0.0,1.0,3.0,1.0,2.0,1.0,0.0,2.0,5.0,1.0,0.0,0.0,6.0
11236,3.0,337.0,408.0,1229.0,4889.0,333.0,1.0,1.0,0.0,1.0,0.0,2.0,0.0,1.0,116.0,94.0,167.0,30.0,347.0,3.0,8.0,2.0,1.0,6.0,2.0,1.0,4.0,0.0,1.0,2.0,2.0,1.0,6.0,0.0,0.0,1.0,6.0
11237,0.0,91.0,182.0,665.0,1892.0,209.0,4.0,0.0,0.0,3.0,0.0,8.0,0.0,1.0,359.0,170.0,378.0,181.0,726.0,0.0,6.0,2.0,0.0,1.0,3.0,0.0,4.0,1.0,2.0,1.0,0.0,0.0,2.0,0.0,2.0,0.0,0.0
11238,0.0,464.0,129.0,592.0,3030.0,121.0,0.0,1.0,0.0,3.0,0.0,0.0,0.0,0.0,256.0,121.0,298.0,94.0,581.0,7.0,1.0,4.0,1.0,2.0,1.0,1.0,4.0,0.0,3.0,0.0,2.0,0.0,2.0,0.0,0.0,1.0,1.0
11239,37.0,0.0,35.0,100.0,800.0,53.0,0.0,0.0,0.0,0.0,0.0,0.0,1.0,0.0,69.0,36.0,75.0,16.0,164.0,0.0,1.0,0.0,0.0,1.0,0.0,0.0,3.0,0.0,0.0,2.0,1.0,0.0,1.0,0.0,0.0,0.0,1.0
11241,0.0,0.0,0.0,0.0,0.0,0.0,0.0,0.0,0.0,0.0,0.0,0.0,0.0,0.0,311.0,288.0,435.0,152.0,882.0,0.0,0.0,0.0,0.0,0.0,0.0,0.0,0.0,0.0,0.0,0.0,0.0,0.0,0.0,0.0,0.0,0.0,0.0
11243,0.0,4.0,0.0,0.0,0.0,0.0,0.0,0.0,0.0,0.0,0.0,0.0,0.0,0.0,0.0,0.0,0.0,0.0,0.0,0.0,0.0,0.0,0.0,0.0,0.0,0.0,0.0,0.0,0.0,0.0,0.0,0.0,0.0,0.0,0.0,0.0,0.0
11249,0.0,171.0,100.0,126.0,1577.0,39.0,0.0,0.0,0.0,6.0,0.0,12.0,0.0,1.0,0.0,0.0,0.0,0.0,0.0,0.0,0.0,0.0,0.0,0.0,0.0,0.0,0.0,0.0,0.0,0.0,0.0,0.0,0.0,0.0,0.0,0.0,0.0
11251,0.0,0.0,1.0,26.0,47.0,19.0,0.0,0.0,0.0,0.0,0.0,0.0,0.0,0.0,0.0,0.0,0.0,0.0,0.0,0.0,0.0,0.0,0.0,0.0,0.0,0.0,0.0,0.0,0.0,0.0,0.0,0.0,0.0,0.0,0.0,0.0,0.0
11286,0.0,0.0,0.0,0.0,0.0,0.0,0.0,0.0,0.0,0.0,0.0,0.0,0.0,0.0,132.0,57.0,177.0,87.0,279.0,0.0,0.0,0.0,0.0,0.0,0.0,0.0,0.0,0.0,0.0,0.0,0.0,0.0,0.0,0.0,0.0,0.0,0.0
11302,0.0,0.0,0.0,0.0,0.0,0.0,0.0,0.0,0.0,0.0,0.0,0.0,0.0,0.0,8.0,8.0,9.0,1.0,24.0,0.0,0.0,0.0,0.0,0.0,0.0,0.0,0.0,0.0,0.0,0.0,0.0,0.0,0.0,0.0,0.0,0.0,0.0
11351,0.0,0.0,0.0,0.0,0.0,0.0,0.0,0.0,0.0,0.0,0.0,0.0,0.0,0.0,31.0,12.0,143.0,6.0,180.0,0.0,0.0,0.0,0.0,0.0,0.0,0.0,0.0,0.0,0.0,0.0,0.0,0.0,0.0,0.0,0.0,0.0,0.0
11354,0.0,576.0,260.0,939.0,4431.0,194.0,0.0,1.0,0.0,4.0,0.0,8.0,1.0,0.0,41.0,43.0,50.0,14.0,120.0,0.0,2.0,2.0,0.0,0.0,0.0,0.0,1.0,0.0,1.0,0.0,0.0,1.0,2.0,0.0,0.0,2.0,1.0
11355,0.0,523.0,294.0,662.0,4125.0,206.0,0.0,0.0,0.0,4.0,0.0,6.0,0.0,0.0,78.0,64.0,98.0,22.0,218.0,2.0,2.0,3.0,1.0,0.0,0.0,0.0,3.0,0.0,3.0,0.0,0.0,0.0,1.0,0.0,1.0,0.0,0.0
11356,216.0,0.0,153.0,587.0,2249.0,110.0,0.0,0.0,0.0,1.0,1.0,5.0,0.0,0.0,33.0,48.0,50.0,8.0,123.0,0.0,2.0,1.0,1.0,0.0,0.0,0.0,0.0,0.0,0.0,0.0,0.0,0.0,0.0,0.0,0.0,0.0,0.0
11357,546.0,0.0,432.0,758.0,8092.0,167.0,0.0,0.0,0.0,2.0,0.0,3.0,0.0,0.0,14.0,19.0,13.0,3.0,43.0,4.0,0.0,4.0,0.0,0.0,0.0,1.0,0.0,0.0,1.0,0.0,0.0,0.0,0.0,0.0,0.0,0.0,0.0
11358,325.0,0.0,254.0,606.0,5901.0,167.0,0.0,0.0,0.0,1.0,0.0,0.0,0.0,0.0,19.0,29.0,44.0,6.0,86.0,1.0,1.0,1.0,1.0,0.0,0.0,2.0,0.0,0.0,2.0,0.0,0.0,1.0,0.0,0.0,0.0,1.0,0.0
11359,0.0,0.0,0.0,0.0,0.0,0.0,0.0,0.0,0.0,0.0,1.0,0.0,0.0,0.0,2.0,5.0,5.0,1.0,11.0,0.0,0.0,0.0,0.0,0.0,0.0,0.0,0.0,0.0,0.0,0.0,0.0,0.0,0.0,0.0,0.0,0.0,0.0
11360,303.0,0.0,103.0,431.0,1882.0,82.0,0.0,0.0,0.0,0.0,0.0,0.0,0.0,0.0,17.0,32.0,16.0,5.0,60.0,1.0,0.0,1.0,0.0,0.0,0.0,1.0,0.0,0.0,1.0,0.0,0.0,0.0,0.0,0.0,0.0,0.0,0.0
11361,275.0,0.0,243.0,814.0,4891.0,233.0,0.0,0.0,0.0,1.0,0.0,1.0,0.0,0.0,56.0,55.0,109.0,40.0,180.0,6.0,0.0,6.0,0.0,0.0,0.0,2.0,0.0,0.0,2.0,0.0,0.0,1.0,0.0,0.0,0.0,1.0,0.0
11362,416.0,0.0,166.0,462.0,3693.0,108.0,0.0,0.0,0.0,0.0,0.0,0.0,0.0,0.0,9.0,21.0,13.0,1.0,42.0,1.0,0.0,1.0,0.0,0.0,0.0,1.0,0.0,0.0,1.0,0.0,0.0,0.0,0.0,0.0,0.0,0.0,0.0
11363,76.0,0.0,119.0,567.0,2004.0,161.0,0.0,0.0,0.0,0.0,0.0,0.0,0.0,0.0,3.0,3.0,7.0,0.0,13.0,2.0,0.0,2.0,0.0,0.0,0.0,0.0,0.0,0.0,0.0,0.0,0.0,0.0,0.0,0.0,0.0,0.0,0.0
11364,516.0,0.0,323.0,923.0,5555.0,253.0,0.0,0.0,0.0,0.0,0.0,0.0,0.0,0.0,19.0,13.0,29.0,6.0,55.0,4.0,0.0,4.0,0.0,0.0,0.0,0.0,0.0,0.0,0.0,0.0,0.0,1.0,0.0,0.0,0.0,1.0,0.0
11365,262.0,0.0,300.0,925.0,5959.0,244.0,0.0,0.0,0.0,0.0,0.0,4.0,0.0,1.0,38.0,26.0,90.0,11.0,143.0,3.0,1.0,3.0,1.0,0.0,0.0,2.0,0.0,0.0,2.0,0.0,0.0,1.0,0.0,0.0,1.0,0.0,0.0
11366,135.0,0.0,91.0,312.0,2561.0,49.0,0.0,0.0,0.0,0.0,0.0,0.0,0.0,0.0,22.0,16.0,33.0,4.0,67.0,0.0,1.0,0.0,1.0,0.0,0.0,1.0,1.0,0.0,1.0,1.0,0.0,1.0,1.0,0.0,0.0,2.0,0.0
11367,387.0,0.0,194.0,555.0,4357.0,115.0,0.0,0.0,0.0,1.0,0.0,1.0,0.0,0.0,42.0,19.0,73.0,6.0,128.0,4.0,1.0,3.0,2.0,0.0,0.0,2.0,1.0,0.0,3.0,0.0,0.0,2.0,1.0,1.0,0.0,0.0,2.0
11368,0.0,235.0,222.0,628.0,3296.0,200.0,2.0,1.0,0.0,1.0,0.0,2.0,0.0,0.0,280.0,171.0,418.0,91.0,778.0,0.0,9.0,0.0,0.0,7.0,2.0,0.0,2.0,0.0,0.0,0.0,2.0,1.0,0.0,0.0,0.0,1.0,0.0
11369,243.0,0.0,165.0,396.0,2623.0,112.0,0.0,0.0,0.0,0.0,2.0,3.0,0.0,0.0,155.0,139.0,251.0,32.0,513.0,0.0,3.0,0.0,0.0,3.0,0.0,1.0,1.0,0.0,1.0,1.0,0.0,0.0,0.0,0.0,0.0,0.0,0.0
11370,0.0,179.0,156.0,433.0,2433.0,157.0,0.0,0.0,0.0,0.0,0.0,5.0,0.0,0.0,80.0,73.0,134.0,12.0,275.0,0.0,1.0,1.0,0.0,0.0,0.0,0.0,0.0,0.0,0.0,0.0,0.0,0.0,0.0,0.0,0.0,0.0,0.0
11371,0.0,0.0,13.0,14.0,98.0,4.0,0.0,0.0,0.0,0.0,0.0,0.0,0.0,0.0,45.0,46.0,78.0,7.0,162.0,0.0,0.0,0.0,0.0,0.0,0.0,0.0,0.0,0.0,0.0,0.0,0.0,0.0,0.0,0.0,0.0,0.0,0.0
11372,0.0,386.0,140.0,503.0,2510.0,142.0,2.0,0.0,0.0,1.0,0.0,0.0,0.0,0.0,336.0,215.0,524.0,95.0,980.0,3.0,2.0,0.0,4.0,1.0,0.0,1.0,2.0,0.0,3.0,0.0,0.0,1.0,0.0,0.0,1.0,0.0,0.0
11373,0.0,342.0,190.0,696.0,3146.0,172.0,3.0,2.0,0.0,0.0,0.0,3.0,0.0,0.0,230.0,123.0,398.0,64.0,687.0,0.0,4.0,1.0,2.0,1.0,0.0,0.0,3.0,0.0,3.0,0.0,0.0,1.0,2.0,0.0,0.0,2.0,1.0
11374,0.0,393.0,175.0,482.0,2300.0,127.0,2.0,0.0,0.0,1.0,1.0,2.0,0.0,0.0,22.0,22.0,56.0,4.0,96.0,3.0,1.0,1.0,3.0,0.0,0.0,1.0,0.0,0.0,1.0,0.0,0.0,0.0,0.0,0.0,0.0,0.0,0.0
11375,0.0,875.0,317.0,981.0,5566.0,195.0,2.0,1.0,0.0,2.0,0.0,3.0,0.0,0.0,56.0,52.0,260.0,30.0,338.0,4.0,0.0,3.0,1.0,0.0,0.0,2.0,0.0,0.0,2.0,0.0,0.0,2.0,1.0,0.0,0.0,3.0,0.0
11377,0.0,348.0,242.0,764.0,4435.0,210.0,4.0,1.0,0.0,4.0,1.0,5.0,0.0,2.0,64.0,71.0,109.0,16.0,228.0,3.0,3.0,3.0,3.0,0.0,0.0,0.0,1.0,0.0,1.0,0.0,0.0,0.0,0.0,0.0,0.0,0.0,0.0
11378,193.0,0.0,236.0,703.0,2995.0,99.0,0.0,0.0,0.0,0.0,3.0,3.0,0.0,0.0,27.0,39.0,68.0,10.0,124.0,1.0,1.0,0.0,2.0,0.0,0.0,1.0,0.0,0.0,1.0,0.0,0.0,0.0,0.0,0.0,0.0,0.0,0.0
11379,0.0,450.0,226.0,636.0,3916.0,115.0,0.0,0.0,0.0,0.0,0.0,0.0,0.0,0.0,20.0,28.0,30.0,5.0,73.0,3.0,0.0,2.0,1.0,0.0,0.0,4.0,0.0,0.0,4.0,0.0,0.0,0.0,0.0,0.0,0.0,0.0,0.0
11380,0.0,0.0,0.0,0.0,0.0,0.0,0.0,0.0,0.0,0.0,0.0,0.0,0.0,0.0,47.0,13.0,124.0,8.0,176.0,0.0,0.0,0.0,0.0,0.0,0.0,0.0,0.0,0.0,0.0,0.0,0.0,0.0,0.0,0.0,0.0,0.0,0.0
11385,0.0,412.0,675.0,2148.0,7428.0,686.0,5.0,2.0,0.0,1.0,1.0,11.0,1.0,0.0,91.0,86.0,179.0,75.0,281.0,4.0,6.0,3.0,3.0,4.0,0.0,1.0,3.0,0.0,3.0,1.0,0.0,1.0,0.0,0.0,0.0,0.0,1.0
11411,202.0,0.0,168.0,384.0,2537.0,140.0,0.0,0.0,0.0,0.0,0.0,0.0,0.0,0.0,33.0,25.0,58.0,7.0,109.0,2.0,0.0,0.0,1.0,0.0,1.0,1.0,0.0,0.0,0.0,0.0,1.0,0.0,3.0,0.0,0.0,0.0,3.0
11412,447.0,0.0,249.0,283.0,4112.0,53.0,0.0,0.0,0.0,0.0,0.0,0.0,0.0,0.0,88.0,46.0,105.0,19.0,220.0,3.0,1.0,0.0,1.0,1.0,2.0,1.0,2.0,0.0,1.0,1.0,1.0,0.0,1.0,0.0,0.0,0.0,1.0
11413,517.0,0.0,348.0,948.0,5895.0,279.0,0.0,0.0,0.0,0.0,1.0,0.0,0.0,0.0,66.0,35.0,72.0,16.0,157.0,5.0,2.0,1.0,2.0,3.0,1.0,3.0,2.0,0.0,1.0,2.0,2.0,2.0,2.0,0.0,0.0,0.0,4.0
11414,0.0,392.0,269.0,709.0,3487.0,185.0,1.0,1.0,0.0,0.0,0.0,1.0,0.0,0.0,62.0,21.0,69.0,17.0,135.0,3.0,0.0,1.0,2.0,0.0,0.0,3.0,0.0,0.0,3.0,0.0,0.0,0.0,0.0,0.0,0.0,0.0,0.0
11415,0.0,216.0,77.0,350.0,1199.0,117.0,1.0,1.0,0.0,1.0,0.0,2.0,0.0,0.0,87.0,62.0,194.0,26.0,317.0,1.0,0.0,1.0,0.0,0.0,0.0,0.0,0.0,0.0,0.0,0.0,0.0,0.0,0.0,0.0,0.0,0.0,0.0
11416,0.0,131.0,80.0,240.0,1417.0,53.0,0.0,0.0,0.0,0.0,0.0,4.0,0.0,0.0,98.0,62.0,133.0,21.0,272.0,0.0,2.0,0.0,2.0,0.0,0.0,0.0,1.0,0.0,0.0,1.0,0.0,1.0,0.0,0.0,0.0,1.0,0.0
11417,0.0,206.0,203.0,388.0,2990.0,85.0,0.0,1.0,0.0,0.0,1.0,0.0,0.0,0.0,165.0,81.0,256.0,83.0,419.0,1.0,1.0,0.0,2.0,0.0,0.0,0.0,2.0,0.0,2.0,0.0,0.0,0.0,2.0,0.0,0.0,1.0,1.0
11418,0.0,198.0,181.0,362.0,2737.0,111.0,3.0,1.0,0.0,1.0,0.0,2.0,0.0,0.0,148.0,84.0,253.0,87.0,398.0,0.0,7.0,0.0,6.0,1.0,0.0,0.0,0.0,0.0,0.0,0.0,0.0,0.0,1.0,0.0,0.0,0.0,1.0
11419,0.0,226.0,180.0,483.0,1994.0,148.0,5.0,1.0,0.0,0.0,0.0,0.0,0.0,0.0,211.0,95.0,252.0,53.0,505.0,1.0,1.0,1.0,1.0,0.0,0.0,0.0,0.0,0.0,0.0,0.0,0.0,0.0,1.0,0.0,0.0,0.0,1.0
11420,0.0,400.0,294.0,666.0,4356.0,178.0,0.0,0.0,0.0,0.0,0.0,0.0,0.0,0.0,106.0,63.0,115.0,15.0,269.0,2.0,4.0,4.0,2.0,0.0,0.0,1.0,2.0,0.0,2.0,1.0,0.0,1.0,0.0,0.0,0.0,0.0,1.0
11421,0.0,299.0,140.0,328.0,2328.0,59.0,3.0,0.0,0.0,0.0,0.0,1.0,0.0,0.0,102.0,94.0,241.0,33.0,404.0,0.0,3.0,1.0,1.0,1.0,0.0,0.0,0.0,0.0,0.0,0.0,0.0,0.0,0.0,0.0,0.0,0.0,0.0
11422,252.0,0.0,246.0,748.0,5117.0,213.0,0.0,0.0,0.0,0.0,0.0,0.0,0.0,0.0,59.0,52.0,65.0,9.0,167.0,3.0,2.0,1.0,2.0,0.0,2.0,1.0,1.0,0.0,1.0,1.0,0.0,0.0,0.0,0.0,0.0,0.0,0.0
11423,0.0,139.0,184.0,330.0,2986.0,91.0,0.0,0.0,0.0,2.0,0.0,2.0,0.0,0.0,85.0,69.0,98.0,20.0,232.0,2.0,1.0,0.0,1.0,2.0,0.0,1.0,1.0,0.0,1.0,1.0,0.0,0.0,1.0,0.0,0.0,0.0,1.0
11426,221.0,0.0,275.0,817.0,3829.0,200.0,0.0,0.0,0.0,0.0,0.0,0.0,0.0,0.0,25.0,30.0,27.0,4.0,78.0,4.0,0.0,2.0,2.0,0.0,0.0,2.0,0.0,0.0,2.0,0.0,0.0,1.0,0.0,0.0,0.0,0.0,1.0
11427,237.0,0.0,235.0,906.0,3056.0,180.0,3.0,1.0,0.0,0.0,0.0,0.0,0.0,0.0,21.0,27.0,26.0,2.0,72.0,2.0,0.0,1.0,1.0,0.0,0.0,0.0,0.0,0.0,0.0,0.0,0.0,1.0,1.0,0.0,0.0,0.0,2.0
11428,177.0,0.0,223.0,550.0,1907.0,158.0,0.0,0.0,0.0,0.0,0.0,1.0,0.0,0.0,80.0,37.0,71.0,21.0,167.0,1.0,2.0,0.0,2.0,1.0,0.0,2.0,0.0,0.0,1.0,1.0,0.0,0.0,0.0,0.0,0.0,0.0,0.0
11429,264.0,0.0,181.0,301.0,2289.0,141.0,0.0,0.0,0.0,0.0,0.0,0.0,0.0,0.0,98.0,61.0,124.0,15.0,268.0,0.0,0.0,0.0,0.0,0.0,0.0,0.0,0.0,0.0,0.0,0.0,0.0,0.0,0.0,0.0,0.0,0.0,0.0
11430,0.0,0.0,0.0,0.0,37.0,0.0,0.0,0.0,0.0,1.0,0.0,0.0,0.0,1.0,0.0,0.0,0.0,0.0,0.0,0.0,0.0,0.0,0.0,0.0,0.0,0.0,0.0,0.0,0.0,0.0,0.0,0.0,0.0,0.0,0.0,0.0,0.0
11431,0.0,0.0,0.0,0.0,0.0,0.0,0.0,0.0,0.0,0.0,0.0,0.0,0.0,0.0,136.0,71.0,190.0,31.0,366.0,0.0,0.0,0.0,0.0,0.0,0.0,0.0,0.0,0.0,0.0,0.0,0.0,0.0,0.0,0.0,0.0,0.0,0.0
11432,0.0,306.0,343.0,831.0,5579.0,205.0,0.0,0.0,0.0,1.0,0.0,1.0,0.0,0.0,272.0,103.0,440.0,159.0,656.0,1.0,4.0,1.0,2.0,2.0,0.0,2.0,2.0,1.0,2.0,1.0,0.0,2.0,6.0,0.0,3.0,3.0,2.0
11433,0.0,295.0,216.0,429.0,2962.0,138.0,0.0,1.0,0.0,0.0,1.0,0.0,0.0,1.0,162.0,78.0,231.0,49.0,422.0,1.0,4.0,0.0,1.0,3.0,1.0,2.0,3.0,0.0,2.0,2.0,1.0,2.0,0.0,1.0,0.0,1.0,0.0
11434,557.0,0.0,441.0,816.0,6797.0,220.0,0.0,1.0,0.0,1.0,0.0,3.0,0.0,0.0,104.0,67.0,114.0,23.0,262.0,1.0,5.0,0.0,2.0,2.0,2.0,2.0,1.0,0.0,0.0,0.0,3.0,4.0,1.0,0.0,0.0,0.0,5.0
11435,0.0,337.0,248.0,557.0,3633.0,157.0,0.0,1.0,0.0,1.0,0.0,6.0,0.0,1.0,297.0,92.0,344.0,103.0,630.0,1.0,3.0,0.0,2.0,1.0,1.0,1.0,0.0,0.0,0.0,1.0,0.0,0.0,0.0,0.0,0.0,0.0,0.0
11436,272.0,0.0,132.0,224.0,2014.0,37.0,0.0,0.0,0.0,0.0,0.0,0.0,0.0,0.0,101.0,69.0,122.0,12.0,280.0,0.0,3.0,0.0,0.0,1.0,2.0,0.0,0.0,0.0,0.0,0.0,0.0,0.0,0.0,0.0,0.0,0.0,0.0
11439,0.0,0.0,0.0,0.0,0.0,0.0,0.0,0.0,0.0,0.0,0.0,0.0,0.0,0.0,22.0,6.0,16.0,9.0,35.0,0.0,0.0,0.0,0.0,0.0,0.0,0.0,0.0,0.0,0.0,0.0,0.0,0.0,0.0,0.0,0.0,0.0,0.0
11451,0.0,0.0,3.0,1.0,7.0,1.0,0.0,0.0,0.0,1.0,0.0,5.0,0.0,0.0,0.0,0.0,0.0,0.0,0.0,0.0,0.0,0.0,0.0,0.0,0.0,0.0,0.0,0.0,0.0,0.0,0.0,0.0,0.0,0.0,0.0,0.0,0.0
11517,0.0,0.0,0.0,0.0,0.0,0.0,0.0,0.0,0.0,0.0,0.0,0.0,0.0,0.0,147.0,75.0,207.0,42.0,387.0,0.0,0.0,0.0,0.0,0.0,0.0,0.0,0.0,0.0,0.0,0.0,0.0,0.0,0.0,0.0,0.0,0.0,0.0
11599,0.0,0.0,0.0,0.0,0.0,0.0,0.0,0.0,0.0,0.0,0.0,0.0,0.0,0.0,2.0,0.0,5.0,1.0,6.0,0.0,0.0,0.0,0.0,0.0,0.0,0.0,0.0,0.0,0.0,0.0,0.0,0.0,0.0,0.0,0.0,0.0,0.0
11691,0.0,266.0,356.0,1258.0,3761.0,343.0,3.0,1.0,0.0,5.0,0.0,10.0,1.0,0.0,212.0,186.0,228.0,41.0,585.0,0.0,9.0,1.0,2.0,1.0,5.0,0.0,7.0,0.0,2.0,1.0,4.0,1.0,1.0,0.0,0.0,0.0,2.0
11692,0.0,118.0,150.0,523.0,1122.0,218.0,1.0,0.0,0.0,1.0,0.0,0.0,0.0,0.0,94.0,39.0,120.0,16.0,237.0,1.0,1.0,0.0,0.0,1.0,1.0,1.0,1.0,0.0,0.0,1.0,1.0,0.0,0.0,0.0,0.0,0.0,0.0
11693,0.0,96.0,156.0,288.0,518.0,207.0,4.0,0.0,0.0,0.0,0.0,1.0,0.0,0.0,2.0,3.0,5.0,0.0,10.0,1.0,1.0,0.0,1.0,0.0,1.0,1.0,1.0,0.0,1.0,0.0,1.0,0.0,0.0,0.0,0.0,0.0,0.0
11694,206.0,0.0,396.0,833.0,1958.0,385.0,0.0,1.0,0.0,1.0,1.0,4.0,1.0,0.0,12.0,7.0,19.0,3.0,35.0,2.0,0.0,1.0,1.0,0.0,0.0,2.0,2.0,1.0,2.0,1.0,0.0,1.0,1.0,1.0,0.0,0.0,1.0
11697,82.0,0.0,6.0,8.0,0.0,16.0,0.0,0.0,0.0,1.0,0.0,1.0,0.0,0.0,5.0,4.0,2.0,0.0,11.0,0.0,0.0,0.0,0.0,0.0,0.0,0.0,0.0,0.0,0.0,0.0,0.0,0.0,0.0,0.0,0.0,0.0,0.0
12201,0.0,0.0,0.0,0.0,0.0,0.0,0.0,0.0,0.0,0.0,0.0,1.0,0.0,0.0,0.0,0.0,0.0,0.0,0.0,0.0,0.0,0.0,0.0,0.0,0.0,0.0,0.0,0.0,0.0,0.0,0.0,0.0,0.0,0.0,0.0,0.0,0.0
12692,0.0,0.0,0.0,0.0,0.0,0.0,1.0,0.0,0.0,0.0,0.0,0.0,0.0,0.0,0.0,0.0,0.0,0.0,0.0,0.0,0.0,0.0,0.0,0.0,0.0,0.0,0.0,0.0,0.0,0.0,0.0,0.0,0.0,0.0,0.0,0.0,0.0
21249,0.0,0.0,0.0,0.0,0.0,0.0,0.0,0.0,0.0,1.0,0.0,0.0,0.0,0.0,0.0,0.0,0.0,0.0,0.0,0.0,0.0,0.0,0.0,0.0,0.0,0.0,0.0,0.0,0.0,0.0,0.0,0.0,0.0,0.0,0.0,0.0,0.0
